2N7hwiHDFAjN1YdZqMh96sad7MjLe6MLCoG,172.192.0.7
2MuvSbAEeQHcJt1qqDQ3indCvop8rz3xBk7,172.192.0.7
2N4wwv4crXRpwym8JZCETFHt2DfMheqFXgh,172.192.0.7
2Mv221ckZDgmnDRGbZHJGdtWWXUdpLj2h9t,172.192.0.7
2NCFYn4NaPgEZdPGoLrDdZFwAEr4YmFU2ka,172.192.0.7
2N38wkp113QNps14SrieJTQY9fdAS5sKfNS,172.192.0.7
2N6mBYNCj6fQPjWjkgFuz8x37RZMKJnBBZZ,172.192.0.7
2NG4jceLsXintryg3b8JVvnnoWVGUpQZgA7,172.192.0.7
2N4fKFuqh2bBpnkBv8BrndgXctvjNMvPR3y,172.192.0.7
2N1iqwuABzqKArKiTYdWobE3A4kdc8umgpC,172.192.0.7
2Mwg8s8fgrmTKZCu2rjam8LChR8QKjGtAQs,172.192.0.7
